4500000000,-62.445499420166
4500640341.51548,-78.6354904174805
4501280683.03095,-64.8907775878906
4501921024.54642,-76.7630157470703
4502561366.0619,-60.7921829223633
4503201707.57737,-83.40625
4503842049.09285,-62.9478950500488
4504482390.60832,-89.6981887817383
4505122732.1238,-64.3583831787109
4505763073.63927,-73.8009185791016
4506403415.15475,-66.6941528320313
4507043756.67022,-82.709228515625
4507684098.1857,-61.2241668701172
4508324439.70117,-76.8460540771484
4508964781.21665,-61.6755638122559
4509605122.73212,-81.2227401733398
4510245464.2476,-63.4726257324219
4510885805.76307,-80.2549743652344
4511526147.27855,-61.336311340332
4512166488.79402,-76.475341796875
4512806830.3095,-60.0510520935059
4513447171.82497,-73.3483276367188
4514087513.34045,-60.374568939209
4514727854.85592,-75.96337890625
4515368196.3714,-62.2789344787598
4516008537.88687,-78.2932739257813
4516648879.40235,-62.8560028076172
4517289220.91782,-82.624397277832
4517929562.4333,-64.3612976074219
4518569903.94877,-70.8221969604492
4519210245.46425,-61.2996978759766
4519850586.97972,-81.1930313110352
4520490928.4952,-64.5364990234375
4521131270.01067,-84.6576690673828
4521771611.52615,-59.8778839111328
4522411953.04162,-74.4789428710938
4523052294.5571,-60.1999320983887
4523692636.07257,-76.5119171142578
4524332977.58805,-61.8889579772949
4524973319.10352,-81.871223449707
4525613660.619,-63.6764717102051
4526254002.13447,-74.7880477905273
4526894343.64995,-63.3209037780762
4527534685.16542,-90.1108856201172
4528175026.6809,-62.9763641357422
4528815368.19637,-73.716796875
4529455709.71185,-62.8368721008301
4530096051.22732,-75.2073974609375
4530736392.7428,-61.9962501525879
4531376734.25827,-71.3601455688477
4532017075.77375,-64.4753341674805
4532657417.28922,-72.0658340454102
4533297758.8047,-62.4419097900391
4533938100.32017,-72.1762161254883
4534578441.83565,-62.6022682189941
4535218783.35112,-77.5707931518555
4535859124.8666,-64.9115829467773
4536499466.38207,-74.2718124389648
4537139807.89755,-63.0045700073242
4537780149.41302,-77.7305679321289
4538420490.9285,-64.6303939819336
4539060832.44397,-86.2743453979492
4539701173.95945,-63.2731094360352
4540341515.47492,-81.2041625976563
4540981856.99039,-62.344295501709
4541622198.50587,-86.4091262817383
4542262540.02135,-60.3365936279297
4542902881.53682,-77.0777816772461
4543543223.05229,-62.0579605102539
4544183564.56777,-80.8951873779297
4544823906.08324,-63.0921592712402
4545464247.59872,-73.8186264038086
4546104589.11419,-63.3833389282227
4546744930.62967,-85.3837356567383
4547385272.14514,-61.0294799804688
4548025613.66062,-83.2283096313477
4548665955.17609,-60.9340858459473
4549306296.69157,-78.4080047607422
4549946638.20704,-63.7630004882813
4550586979.72252,-82.0916519165039
4551227321.23799,-61.1394195556641
4551867662.75347,-85.0293426513672
4552508004.26894,-63.106990814209
4553148345.78442,-81.5348587036133
4553788687.29989,-61.1838073730469
4554429028.81537,-76.9056396484375
4555069370.33084,-65.4289474487305
4555709711.84632,-76.9197463989258
4556350053.36179,-63.9121780395508
4556990394.87727,-72.4184036254883
4557630736.39274,-60.9983024597168
4558271077.90822,-77.8166580200195
4558911419.42369,-64.0726852416992
4559551760.93917,-76.0140075683594
4560192102.45464,-64.1485290527344
4560832443.97012,-75.0263977050781
4561472785.48559,-64.9798889160156
4562113127.00107,-73.9873428344727
4562753468.51654,-62.9663047790527
4563393810.03202,-76.7846527099609
4564034151.54749,-63.9439163208008
4564674493.06297,-82.4151458740234
4565314834.57844,-63.5229415893555
4565955176.09392,-70.2565002441406
4566595517.60939,-62.589714050293
4567235859.12487,-76.1875839233398
4567876200.64034,-60.604061126709
4568516542.15582,-76.083366394043
4569156883.67129,-62.3651161193848
4569797225.18677,-90.7116851806641
4570437566.70224,-60.3632926940918
4571077908.21772,-79.0932235717773
4571718249.73319,-62.4506568908691
4572358591.24867,-75.1085433959961
4572998932.76414,-62.7315483093262
4573639274.27962,-74.4472427368164
4574279615.79509,-65.2988204956055
4574919957.31057,-72.6129837036133
4575560298.82604,-60.6313858032227
4576200640.34152,-74.1976547241211
4576840981.85699,-61.7324676513672
4577481323.37247,-83.4381561279297
4578121664.88794,-64.2299270629883
4578762006.40341,-75.6068115234375
4579402347.91889,-61.4255523681641
4580042689.43437,-75.2608032226563
4580683030.94984,-58.8762016296387
4581323372.46531,-68.3216781616211
4581963713.98079,-63.493953704834
4582604055.49626,-77.8995132446289
4583244397.01174,-60.1979064941406
4583884738.52721,-77.7379760742188
4584525080.04269,-62.8276557922363
4585165421.55816,-81.7016296386719
4585805763.07364,-61.512264251709
4586446104.58911,-69.60986328125
4587086446.10459,-60.1241111755371
4587726787.62006,-87.7151718139648
4588367129.13554,-65.4327011108398
4589007470.65101,-69.7292175292969
4589647812.16649,-63.9129981994629
4590288153.68196,-78.5287551879883
4590928495.19744,-62.1110801696777
4591568836.71291,-76.1352081298828
4592209178.22839,-59.6036186218262
4592849519.74386,-81.6929473876953
4593489861.25934,-62.334789276123
4594130202.77481,-87.0588607788086
4594770544.29029,-61.3413009643555
4595410885.80576,-87.8931579589844
4596051227.32124,-61.6295394897461
4596691568.83671,-74.1125106811523
4597331910.35219,-54.6771850585938
4597972251.86766,-61.1469039916992
4598612593.38314,-50.3044586181641
4599252934.89861,-50.6536254882813
4599893276.41409,-46.871711730957
4600533617.92956,-47.31201171875
4601173959.44504,-45.8532371520996
4601814300.96051,-49.8535690307617
4602454642.47599,-47.8751907348633
4603094983.99146,-57.6734352111816
4603735325.50694,-52.793529510498
4604375667.02241,-70.4901351928711
4605016008.53789,-60.2576904296875
4605656350.05336,-72.8215026855469
4606296691.56884,-62.4861602783203
4606937033.08431,-73.5058746337891
4607577374.59979,-60.6092796325684
4608217716.11526,-80.7480850219727
4608858057.63074,-63.3860130310059
4609498399.14621,-84.296501159668
4610138740.66169,-62.0632705688477
4610779082.17716,-80.9438629150391
4611419423.69264,-63.5648918151855
4612059765.20811,-75.5679473876953
4612700106.72359,-60.6407241821289
4613340448.23906,-81.174919128418
4613980789.75454,-61.0290870666504
4614621131.27001,-76.9339218139648
4615261472.78549,-62.1382598876953
4615901814.30096,-69.6097030639648
4616542155.81644,-59.0208129882813
4617182497.33191,-81.4643859863281
4617822838.84739,-62.2620391845703
4618463180.36286,-73.6800918579102
4619103521.87834,-62.5701332092285
4619743863.39381,-75.6925048828125
4620384204.90928,-62.505615234375
4621024546.42476,-77.9099578857422
4621664887.94024,-63.2355613708496
4622305229.45571,-74.7050552368164
4622945570.97118,-63.1431121826172
4623585912.48666,-78.2079238891602
4624226254.00213,-61.5999031066895
4624866595.51761,-76.8190460205078
4625506937.03308,-60.4770736694336
4626147278.54856,-79.5553665161133
4626787620.06403,-60.2692413330078
4627427961.57951,-71.9731826782227
4628068303.09498,-62.2052192687988
4628708644.61046,-77.6918792724609
4629348986.12593,-63.0182151794434
4629989327.64141,-84.0257186889648
4630629669.15688,-59.7545166015625
4631270010.67236,-76.2193756103516
4631910352.18783,-61.2135200500488
4632550693.70331,-81.0965728759766
4633191035.21878,-62.8077545166016
4633831376.73426,-82.8752746582031
4634471718.24973,-60.330436706543
4635112059.76521,-78.9435195922852
4635752401.28068,-60.3614616394043
4636392742.79616,-76.1619415283203
4637033084.31163,-57.0727767944336
4637673425.82711,-85.7927017211914
4638313767.34258,-63.7476234436035
4638954108.85806,-88.859748840332
4639594450.37353,-60.8947563171387
4640234791.88901,-70.615837097168
4640875133.40448,-60.3326835632324
4641515474.91996,-71.9205093383789
4642155816.43543,-62.4862022399902
4642796157.95091,-81.8430404663086
4643436499.46638,-62.5186958312988
4644076840.98186,-75.3581161499023
4644717182.49733,-59.9024772644043
4645357524.01281,-74.1066741943359
4645997865.52828,-61.3820610046387
4646638207.04376,-80.9799575805664
4647278548.55923,-61.897403717041
4647918890.07471,-79.8211135864258
4648559231.59018,-57.1006278991699
4649199573.10566,-70.732307434082
4649839914.62113,-61.093692779541
4650480256.13661,-75.1788330078125
4651120597.65208,-61.2966918945313
4651760939.16756,-72.9352264404297
4652401280.68303,-61.9781341552734
4653041622.19851,-70.6511993408203
4653681963.71398,-63.2394409179688
4654322305.22946,-70.8130416870117
4654962646.74493,-59.9874992370605
4655602988.26041,-83.6554718017578
4656243329.77588,-62.1711540222168
4656883671.29136,-75.7072906494141
4657524012.80683,-62.887134552002
4658164354.32231,-75.338508605957
4658804695.83778,-59.5874252319336
4659445037.35326,-75.1196517944336
4660085378.86873,-63.795093536377
4660725720.3842,-74.8074569702148
4661366061.89968,-57.2263870239258
4662006403.41515,-70.4979476928711
4662646744.93063,-61.4790954589844
4663287086.44611,-76.9111633300781
4663927427.96158,-61.1187133789063
4664567769.47705,-77.441520690918
4665208110.99253,-61.7196311950684
4665848452.508,-80.1789016723633
4666488794.02348,-60.5001068115234
4667129135.53895,-77.4902420043945
4667769477.05443,-61.3545761108398
4668409818.5699,-75.5519485473633
4669050160.08538,-60.2864532470703
4669690501.60085,-76.1888809204102
4670330843.11633,-61.4437141418457
4670971184.6318,-80.3424758911133
4671611526.14728,-60.8430099487305
4672251867.66275,-70.7182235717773
4672892209.17823,-61.0874824523926
4673532550.6937,-73.1623611450195
4674172892.20918,-61.1827621459961
4674813233.72465,-84.1986389160156
4675453575.24013,-58.3684272766113
4676093916.7556,-75.7282333374023
4676734258.27108,-63.2628440856934
4677374599.78655,-76.2380142211914
4678014941.30203,-58.9970092773438
4678655282.8175,-73.1392593383789
4679295624.33298,-59.5545654296875
4679935965.84845,-80.930061340332
4680576307.36393,-59.6513137817383
4681216648.8794,-71.1492614746094
4681856990.39488,-57.800479888916
4682497331.91035,-78.119873046875
4683137673.42583,-62.3274269104004
4683778014.9413,-74.8454666137695
4684418356.45678,-57.6647300720215
4685058697.97225,-69.9924240112305
4685699039.48773,-60.5527648925781
4686339381.0032,-74.2606735229492
4686979722.51868,-61.1963081359863
4687620064.03415,-73.8047485351563
4688260405.54963,-59.2271537780762
4688900747.0651,-73.5024261474609
4689541088.58058,-60.2756462097168
4690181430.09605,-92.2371673583984
4690821771.61153,-59.3184967041016
4691462113.127,-71.8343353271484
4692102454.64248,-59.1477279663086
4692742796.15795,-80.9098052978516
4693383137.67343,-63.5394477844238
4694023479.1889,-79.9548568725586
4694663820.70438,-60.1129112243652
4695304162.21985,-80.3455810546875
4695944503.73533,-59.8590965270996
4696584845.2508,-75.6968460083008
4697225186.76628,-56.126823425293
4697865528.28175,-66.6333465576172
4698505869.79723,-52.3563385009766
4699146211.3127,-52.5612564086914
4699786552.82817,-48.2396965026855
4700426894.34365,-50.1555442810059
4701067235.85913,-47.2421264648438
4701707577.3746,-52.5842475891113
4702347918.89007,-48.7124710083008
4702988260.40555,-61.2599105834961
4703628601.92102,-51.6401977539063
4704268943.4365,-73.995361328125
4704909284.95197,-59.355297088623
4705549626.46745,-75.2988815307617
4706189967.98292,-60.1017303466797
4706830309.4984,-81.606575012207
4707470651.01387,-59.0894622802734
4708110992.52935,-79.1450119018555
4708751334.04482,-60.007869720459
4709391675.5603,-71.4587860107422
4710032017.07577,-59.8297538757324
4710672358.59125,-80.5577697753906
4711312700.10672,-60.2204780578613
4711953041.6222,-77.2913665771484
4712593383.13767,-60.9016647338867
4713233724.65315,-79.3178176879883
4713874066.16862,-62.9766159057617
4714514407.6841,-75.3427734375
4715154749.19957,-59.2536582946777
4715795090.71505,-77.0252685546875
4716435432.23052,-60.8597221374512
4717075773.746,-74.353271484375
4717716115.26147,-62.1549110412598
4718356456.77695,-79.6737060546875
4718996798.29242,-59.088249206543
4719637139.8079,-77.9446258544922
4720277481.32337,-60.3092079162598
4720917822.83885,-75.3226013183594
4721558164.35432,-64.3993606567383
4722198505.8698,-75.0670776367188
4722838847.38527,-60.3420028686523
4723479188.90075,-80.8152389526367
4724119530.41622,-61.6702613830566
4724759871.9317,-82.5859298706055
4725400213.44717,-62.7714233398438
4726040554.96265,-81.8622512817383
4726680896.47812,-59.2380790710449
4727321237.9936,-73.4077682495117
4727961579.50907,-61.7510566711426
4728601921.02455,-73.2610092163086
4729242262.54002,-63.8193969726563
4729882604.0555,-74.8803024291992
4730522945.57097,-64.4920883178711
4731163287.08645,-76.6642227172852
4731803628.60192,-63.4303359985352
4732443970.1174,-72.0262680053711
4733084311.63287,-63.371768951416
4733724653.14835,-83.5943984985352
4734364994.66382,-62.4084968566895
4735005336.1793,-78.2192993164063
4735645677.69477,-61.0733451843262
4736286019.21025,-67.1477127075195
4736926360.72572,-59.0635223388672
4737566702.2412,-85.7675552368164
4738207043.75667,-61.76611328125
4738847385.27215,-71.2123641967773
4739487726.78762,-60.5294456481934
4740128068.30309,-70.7385635375977
4740768409.81857,-60.8515739440918
4741408751.33404,-75.6680068969727
4742049092.84952,-61.2486686706543
4742689434.365,-77.0322799682617
4743329775.88047,-62.6798210144043
4743970117.39594,-72.4994201660156
4744610458.91142,-62.981372833252
4745250800.42689,-77.0709533691406
4745891141.94237,-63.0418663024902
4746531483.45784,-80.6606140136719
4747171824.97332,-62.5585060119629
4747812166.48879,-86.5513610839844
4748452508.00427,-62.1655464172363
4749092849.51974,-77.9748764038086
4749733191.03522,-62.0467147827148
4750373532.55069,-79.936653137207
4751013874.06617,-58.9572677612305
4751654215.58164,-80.5887680053711
4752294557.09712,-60.1627960205078
4752934898.61259,-78.7369613647461
4753575240.12807,-61.9665565490723
4754215581.64354,-76.3434982299805
4754855923.15902,-63.0963821411133
4755496264.67449,-81.1377182006836
4756136606.18997,-67.0836410522461
4756776947.70544,-75.1026458740234
4757417289.22092,-65.2825393676758
4758057630.73639,-78.1844635009766
4758697972.25187,-63.0176963806152
4759338313.76734,-81.9593276977539
4759978655.28282,-60.9770050048828
4760618996.79829,-78.8154983520508
4761259338.31377,-59.4728202819824
4761899679.82924,-73.7351150512695
4762540021.34472,-62.3348922729492
4763180362.86019,-78.0927810668945
4763820704.37567,-61.5898933410645
4764461045.89114,-73.9538497924805
4765101387.40662,-62.9438781738281
4765741728.92209,-78.1079330444336
4766382070.43757,-63.3586082458496
4767022411.95304,-81.2228240966797
4767662753.46852,-62.5606956481934
4768303094.98399,-74.4756011962891
4768943436.49947,-61.0910530090332
4769583778.01494,-71.8109512329102
4770224119.53042,-58.1728477478027
4770864461.04589,-70.5081405639648
4771504802.56137,-58.6522560119629
4772145144.07684,-83.8401184082031
4772785485.59232,-62.1044807434082
4773425827.10779,-74.417724609375
4774066168.62327,-61.167667388916
4774706510.13874,-78.4887619018555
4775346851.65422,-61.0436897277832
4775987193.16969,-75.8468933105469
4776627534.68517,-63.0333938598633
4777267876.20064,-70.6246643066406
4777908217.71612,-63.3151016235352
4778548559.23159,-79.0626983642578
4779188900.74706,-62.4245872497559
4779829242.26254,-71.9002380371094
4780469583.77802,-62.1124687194824
4781109925.29349,-73.5937652587891
4781750266.80896,-61.8437118530273
4782390608.32444,-73.413932800293
4783030949.83991,-61.431640625
4783671291.35539,-82.3554000854492
4784311632.87086,-63.0516700744629
4784951974.38634,-78.9095077514648
4785592315.90181,-61.5313148498535
4786232657.41729,-83.7184295654297
4786872998.93276,-63.9369888305664
4787513340.44824,-86.2593307495117
4788153681.96371,-59.7943801879883
4788794023.47919,-77.1287078857422
4789434364.99466,-62.0332260131836
4790074706.51014,-80.7146911621094
4790715048.02561,-60.7348251342773
4791355389.54109,-76.7499389648438
4791995731.05656,-61.3443145751953
4792636072.57204,-77.3726577758789
4793276414.08751,-62.2389602661133
4793916755.60299,-74.5014877319336
4794557097.11846,-62.1098403930664
4795197438.63394,-72.5195922851563
4795837780.14941,-61.2450485229492
4796478121.66489,-75.3507995605469
4797118463.18036,-61.4473838806152
4797758804.69584,-77.6748962402344
4798399146.21131,-59.8858757019043
4799039487.72679,-67.0141372680664
4799679829.24226,-55.3030395507813
4800320170.75774,-61.1967964172363
4800960512.27321,-54.8488998413086
4801600853.78869,-62.7484855651855
4802241195.30416,-55.2438011169434
4802881536.81964,-69.3175888061523
4803521878.33511,-59.5794296264648
4804162219.85059,-75.5030517578125
4804802561.36606,-62.8942337036133
4805442902.88154,-83.8235092163086
4806083244.39701,-63.0958442687988
4806723585.91249,-81.4543075561523
4807363927.42796,-61.2675590515137
4808004268.94344,-80.7842864990234
4808644610.45891,-62.7531051635742
4809284951.97439,-91.6579971313477
4809925293.48986,-61.3118476867676
4810565635.00534,-73.6633071899414
4811205976.52081,-60.5345153808594
4811846318.03629,-70.2504959106445
4812486659.55176,-63.331916809082
4813127001.06724,-82.1765365600586
4813767342.58271,-66.5901184082031
4814407684.09819,-75.4432830810547
4815048025.61366,-60.3845481872559
4815688367.12914,-75.2068634033203
4816328708.64461,-62.3639602661133
4816969050.16009,-76.4388427734375
4817609391.67556,-61.8556175231934
4818249733.19104,-77.5341339111328
4818890074.70651,-60.636589050293
4819530416.22198,-81.9961624145508
4820170757.73746,-58.7539100646973
4820811099.25293,-78.4216613769531
4821451440.76841,-59.347972869873
4822091782.28389,-73.9865493774414
4822732123.79936,-64.4405746459961
4823372465.31483,-86.663703918457
4824012806.83031,-63.5081748962402
4824653148.34578,-81.5737609863281
4825293489.86126,-61.442497253418
4825933831.37673,-79.1567916870117
4826574172.89221,-59.3327255249023
4827214514.40768,-76.6575012207031
4827854855.92316,-62.5563888549805
4828495197.43863,-70.193229675293
4829135538.95411,-60.7317733764648
4829775880.46958,-79.1383743286133
4830416221.98506,-65.0122756958008
4831056563.50053,-80.2336578369141
4831696905.01601,-61.2077407836914
4832337246.53148,-85.5077972412109
4832977588.04696,-63.5171394348145
4833617929.56243,-77.4898681640625
4834258271.07791,-61.8181991577148
4834898612.59338,-77.9611968994141
4835538954.10886,-63.1471939086914
4836179295.62433,-78.0466766357422
4836819637.13981,-60.3892097473145
4837459978.65528,-76.1147613525391
4838100320.17076,-63.6569671630859
4838740661.68623,-83.0476455688477
4839381003.20171,-62.8524436950684
4840021344.71718,-70.9361267089844
4840661686.23266,-63.3362617492676
4841302027.74813,-84.685546875
4841942369.26361,-62.5427627563477
4842582710.77908,-73.3898086547852
4843223052.29456,-61.4266242980957
4843863393.81003,-72.1928253173828
4844503735.32551,-60.5023040771484
4845144076.84098,-75.6112442016602
4845784418.35646,-60.7722587585449
4846424759.87193,-72.3432159423828
4847065101.38741,-63.9804878234863
4847705442.90288,-77.6129379272461
4848345784.41836,-62.2109909057617
4848986125.93383,-74.2721481323242
4849626467.44931,-61.6901512145996
4850266808.96478,-77.5178604125977
4850907150.48026,-65.6443405151367
4851547491.99573,-69.5278625488281
4852187833.51121,-64.0718078613281
4852828175.02668,-80.1391067504883
4853468516.54216,-59.395637512207
4854108858.05763,-74.8125152587891
4854749199.57311,-62.2077369689941
4855389541.08858,-89.4813461303711
4856029882.60406,-61.5546073913574
4856670224.11953,-81.1642990112305
4857310565.63501,-61.8407287597656
4857950907.15048,-72.1218719482422
4858591248.66596,-63.0734481811523
4859231590.18143,-80.2688751220703
4859871931.69691,-62.2116012573242
4860512273.21238,-79.9501419067383
4861152614.72785,-62.1552391052246
4861792956.24333,-79.1191635131836
4862433297.7588,-63.6966323852539
4863073639.27428,-78.260986328125
4863713980.78975,-61.2260093688965
4864354322.30523,-71.810676574707
4864994663.8207,-60.8822898864746
4865635005.33618,-73.3630981445313
4866275346.85165,-61.6056976318359
4866915688.36713,-74.5142364501953
4867556029.8826,-61.9645767211914
4868196371.39808,-78.3434906005859
4868836712.91355,-62.4976348876953
4869477054.42903,-82.6151657104492
4870117395.9445,-61.6578369140625
4870757737.45998,-85.7793045043945
4871398078.97545,-63.8790435791016
4872038420.49093,-81.0509490966797
4872678762.0064,-61.0843124389648
4873319103.52188,-75.3524856567383
4873959445.03735,-59.6492118835449
4874599786.55283,-77.8948593139648
4875240128.0683,-60.5004997253418
4875880469.58378,-77.4930801391602
4876520811.09925,-59.7584457397461
4877161152.61473,-79.7804336547852
4877801494.1302,-61.3321762084961
4878441835.64568,-74.7022552490234
4879082177.16115,-59.6133880615234
4879722518.67663,-82.0915374755859
4880362860.1921,-64.543571472168
4881003201.70758,-79.0630950927734
4881643543.22305,-63.6508560180664
4882283884.73853,-85.9496841430664
4882924226.254,-62.3406982421875
4883564567.76948,-80.2210845947266
4884204909.28495,-62.8142280578613
4884845250.80043,-81.0510559082031
4885485592.3159,-63.9565505981445
4886125933.83138,-70.0176849365234
4886766275.34685,-62.511157989502
4887406616.86233,-73.7536010742188
4888046958.3778,-60.3984489440918
4888687299.89328,-86.5564270019531
4889327641.40875,-64.4812545776367
4889967982.92423,-77.8652954101563
4890608324.4397,-60.4481506347656
4891248665.95518,-77.0526885986328
4891889007.47065,-61.0502967834473
4892529348.98613,-80.457145690918
4893169690.5016,-61.9089317321777
4893810032.01708,-75.8434448242188
4894450373.53255,-60.8317451477051
4895090715.04803,-77.5127182006836
4895731056.5635,-63.7364463806152
4896371398.07898,-73.8022537231445
4897011739.59445,-58.4407234191895
4897652081.10993,-66.0386123657227
4898292422.6254,-50.3132934570313
4898932764.14087,-51.1255111694336
4899573105.65635,-47.4685859680176
4900213447.17183,-48.0948638916016
4900853788.6873,-46.3061447143555
4901494130.20278,-48.5919151306152
4902134471.71825,-46.1366081237793
4902774813.23372,-54.2540969848633
4903415154.7492,-49.3793754577637
4904055496.26467,-67.3589782714844
4904695837.78015,-56.6951675415039
4905336179.29562,-71.4844055175781
4905976520.8111,-61.5783157348633
4906616862.32657,-75.4562377929688
4907257203.84205,-63.1248512268066
4907897545.35752,-80.5297317504883
4908537886.873,-63.1236152648926
4909178228.38847,-69.5705947875977
4909818569.90395,-62.8070869445801
4910458911.41942,-75.4988250732422
4911099252.9349,-62.7580757141113
4911739594.45037,-82.4758071899414
4912379935.96585,-64.7499847412109
4913020277.48132,-78.5698471069336
4913660618.9968,-65.5513000488281
4914300960.51227,-75.2084808349609
4914941302.02775,-60.6855163574219
4915581643.54322,-81.6371994018555
4916221985.0587,-61.6220550537109
4916862326.57417,-79.3253173828125
4917502668.08965,-62.7437973022461
4918143009.60512,-81.4046859741211
4918783351.1206,-61.3557357788086
4919423692.63607,-77.3796691894531
4920064034.15155,-60.4747772216797
4920704375.66702,-76.7860717773438
4921344717.1825,-63.3228874206543
4921985058.69797,-90.4833145141602
4922625400.21345,-62.1281127929688
4923265741.72892,-79.5234375
4923906083.2444,-61.9115371704102
4924546424.75987,-83.9318161010742
4925186766.27535,-65.364501953125
4925827107.79082,-81.4420852661133
4926467449.3063,-61.0844573974609
4927107790.82177,-81.0403060913086
4927748132.33725,-60.2233428955078
4928388473.85272,-73.2693176269531
4929028815.3682,-62.825252532959
4929669156.88367,-80.2088165283203
4930309498.39915,-64.7826156616211
4930949839.91462,-77.1473083496094
4931590181.4301,-63.3798561096191
4932230522.94557,-75.7077941894531
4932870864.46105,-61.3950233459473
4933511205.97652,-76.5708389282227
4934151547.492,-63.5023155212402
4934791889.00747,-73.2520980834961
4935432230.52295,-63.7553672790527
4936072572.03842,-82.1134567260742
4936712913.5539,-62.9626007080078
4937353255.06937,-81.0421524047852
4937993596.58485,-64.1526947021484
4938633938.10032,-67.2233734130859
4939274279.6158,-62.2575225830078
4939914621.13127,-76.7425003051758
4940554962.64674,-60.6100273132324
4941195304.16222,-82.7038040161133
4941835645.67769,-61.4495544433594
4942475987.19317,-72.4597549438477
4943116328.70864,-59.4353256225586
4943756670.22412,-76.9577941894531
4944397011.73959,-63.6489448547363
4945037353.25507,-74.0778121948242
4945677694.77054,-64.0717697143555
4946318036.28602,-83.5241775512695
4946958377.80149,-64.9767074584961
4947598719.31697,-68.2671279907227
4948239060.83244,-59.7941627502441
4948879402.34792,-78.7644577026367
4949519743.86339,-63.0949935913086
4950160085.37887,-77.9084930419922
4950800426.89434,-64.0447616577148
4951440768.40982,-72.7501983642578
4952081109.92529,-63.0212287902832
4952721451.44077,-79.9425201416016
4953361792.95624,-63.6976013183594
4954002134.47172,-76.4319610595703
4954642475.98719,-61.7803802490234
4955282817.50267,-74.6896591186523
4955923159.01814,-62.7302360534668
4956563500.53362,-69.6756896972656
4957203842.04909,-62.6529388427734
4957844183.56457,-73.3024749755859
4958484525.08004,-63.5678062438965
4959124866.59552,-82.8300628662109
4959765208.11099,-60.9189643859863
4960405549.62647,-89.4737548828125
4961045891.14194,-61.4862098693848
4961686232.65742,-83.1825714111328
4962326574.17289,-63.4454193115234
4962966915.68837,-93.1827239990234
4963607257.20384,-60.0293045043945
4964247598.71932,-73.0879592895508
4964887940.23479,-60.328296661377
4965528281.75027,-77.0763320922852
4966168623.26574,-60.7492866516113
4966808964.78122,-69.7216949462891
4967449306.29669,-61.620792388916
4968089647.81217,-75.2938537597656
4968729989.32764,-60.2323684692383
4969370330.84312,-69.3510284423828
4970010672.35859,-60.1778526306152
4970651013.87407,-75.3884048461914
4971291355.38954,-65.1356048583984
4971931696.90502,-74.5188446044922
4972572038.42049,-60.7163047790527
4973212379.93597,-75.8732070922852
4973852721.45144,-63.3957557678223
4974493062.96692,-69.6790313720703
4975133404.48239,-62.7062568664551
4975773745.99787,-78.4775619506836
4976414087.51334,-64.1708526611328
4977054429.02882,-73.8289566040039
4977694770.54429,-65.2496109008789
4978335112.05976,-82.075553894043
4978975453.57524,-62.6595687866211
4979615795.09072,-84.9857711791992
4980256136.60619,-61.9531669616699
4980896478.12167,-75.6695861816406
4981536819.63714,-61.9177589416504
4982177161.15261,-97.243522644043
4982817502.66809,-66.5036315917969
4983457844.18356,-78.1100540161133
4984098185.69904,-62.5495452880859
4984738527.21451,-71.1941757202148
4985378868.72999,-64.3838195800781
4986019210.24546,-77.4601135253906
4986659551.76094,-59.5669174194336
4987299893.27641,-72.9526214599609
4987940234.79189,-58.7186698913574
4988580576.30736,-67.5139617919922
4989220917.82284,-61.6538772583008
4989861259.33831,-83.5266265869141
4990501600.85379,-63.508731842041
4991141942.36926,-74.2876129150391
4991782283.88474,-61.5522003173828
4992422625.40021,-74.6093826293945
4993062966.91569,-61.8703002929688
4993703308.43116,-76.6340103149414
4994343649.94664,-59.6543350219727
4994983991.46211,-60.9451866149902
4995624332.97759,-31.0269603729248
4996264674.49306,-20.6440811157227
4996905016.00854,-13.0348510742188
4997545357.52401,-7.23870992660522
4998185699.03949,-2.63904523849487
4998826040.55496,0.792070209980011
4999466382.07044,3.07007026672363
5000106723.58591,4.15820837020874
5000747065.10139,4.27329015731812
5001387406.61686,4.07234954833984
5002027748.13234,2.78811240196228
5002668089.64781,0.286085397005081
5003308431.16329,-3.30658721923828
5003948772.67876,-8.05237579345703
5004589114.19424,-14.1996870040894
5005229455.70971,-22.0182456970215
5005869797.22519,-31.4815902709961
5006510138.74066,-59.7791557312012
5007150480.25614,-43.9121780395508
5007790821.77161,-78.1046676635742
5008431163.28709,-60.3643379211426
5009071504.80256,-86.9965362548828
5009711846.31804,-61.7355995178223
5010352187.83351,-83.7678298950195
5010992529.34899,-58.4260520935059
5011632870.86446,-74.8639450073242
5012273212.37994,-60.810791015625
5012913553.89541,-73.4292221069336
5013553895.41089,-61.7800445556641
5014194236.92636,-75.4714813232422
5014834578.44184,-61.3235206604004
5015474919.95731,-74.2043228149414
5016115261.47279,-61.7356910705566
5016755602.98826,-73.1348571777344
5017395944.50374,-61.1770095825195
5018036286.01921,-74.9367980957031
5018676627.53469,-60.6300888061523
5019316969.05016,-76.3396606445313
5019957310.56563,-61.056224822998
5020597652.08111,-88.0000305175781
5021237993.59658,-59.168041229248
5021878335.11206,-76.8788452148438
5022518676.62753,-58.8349876403809
5023159018.14301,-71.9671401977539
5023799359.65848,-61.9054222106934
5024439701.17396,-77.3114624023438
5025080042.68943,-63.0363616943359
5025720384.20491,-73.7527770996094
5026360725.72038,-61.5207939147949
5027001067.23586,-81.2806015014648
5027641408.75133,-61.2487373352051
5028281750.26681,-83.9188919067383
5028922091.78228,-62.3789405822754
5029562433.29776,-78.9513320922852
5030202774.81323,-63.7663726806641
5030843116.32871,-80.1976547241211
5031483457.84418,-64.4519424438477
5032123799.35966,-71.6002349853516
5032764140.87513,-61.212947845459
5033404482.39061,-77.6390838623047
5034044823.90608,-60.2235946655273
5034685165.42156,-79.6196060180664
5035325506.93703,-59.7178268432617
5035965848.45251,-81.7552032470703
5036606189.96798,-62.076847076416
5037246531.48346,-78.0583419799805
5037886872.99893,-61.4145393371582
5038527214.51441,-81.698356628418
5039167556.02988,-57.3127288818359
5039807897.54536,-73.8344039916992
5040448239.06083,-63.7028732299805
5041088580.57631,-83.3362731933594
5041728922.09178,-62.5643272399902
5042369263.60726,-76.9539566040039
5043009605.12273,-59.0901527404785
5043649946.63821,-72.6551818847656
5044290288.15368,-60.4695014953613
5044930629.66916,-79.0997085571289
5045570971.18463,-60.4532051086426
5046211312.70011,-76.6037368774414
5046851654.21558,-61.3210334777832
5047491995.73106,-71.5553283691406
5048132337.24653,-61.9632415771484
5048772678.76201,-78.9552764892578
5049413020.27748,-63.4440078735352
5050053361.79296,-73.6613998413086
5050693703.30843,-59.9411735534668
5051334044.82391,-74.0338821411133
5051974386.33938,-63.0468864440918
5052614727.85486,-80.0021743774414
5053255069.37033,-61.528377532959
5053895410.88581,-74.0982971191406
5054535752.40128,-61.0909614562988
5055176093.91676,-81.4592971801758
5055816435.43223,-62.4269485473633
5056456776.94771,-78.1740036010742
5057097118.46318,-64.9086990356445
5057737459.97865,-73.1704254150391
5058377801.49413,-59.5185470581055
5059018143.00961,-77.4410095214844
5059658484.52508,-65.6205978393555
5060298826.04056,-73.5589447021484
5060939167.55603,-59.062629699707
5061579509.0715,-77.3180160522461
5062219850.58698,-61.241584777832
5062860192.10246,-72.3482513427734
5063500533.61793,-59.8693313598633
5064140875.1334,-78.7273712158203
5064781216.64888,-59.1085433959961
5065421558.16435,-80.2279815673828
5066061899.67983,-62.5773124694824
5066702241.1953,-80.0911560058594
5067342582.71078,-60.4554252624512
5067982924.22625,-79.4178237915039
5068623265.74173,-61.8002281188965
5069263607.2572,-71.2407913208008
5069903948.77268,-62.768009185791
5070544290.28815,-78.3813018798828
5071184631.80363,-59.8553276062012
5071824973.3191,-80.9446334838867
5072465314.83458,-60.0815620422363
5073105656.35005,-73.8744201660156
5073745997.86553,-60.7568397521973
5074386339.381,-78.8667144775391
5075026680.89648,-65.0502090454102
5075667022.41195,-79.4082336425781
5076307363.92743,-62.5138130187988
5076947705.4429,-77.9551315307617
5077588046.95838,-63.5124626159668
5078228388.47385,-79.6064071655273
5078868729.98933,-62.8744087219238
5079509071.5048,-78.7412567138672
5080149413.02028,-62.550910949707
5080789754.53575,-71.8496322631836
5081430096.05123,-62.714672088623
5082070437.5667,-80.7414932250977
5082710779.08218,-62.7953834533691
5083351120.59765,-73.6484985351563
5083991462.11313,-61.6899108886719
5084631803.6286,-72.9207763671875
5085272145.14408,-61.8808670043945
5085912486.65955,-82.055908203125
5086552828.17503,-60.6379585266113
5087193169.6905,-74.6204299926758
5087833511.20598,-63.0138816833496
5088473852.72145,-82.6921081542969
5089114194.23693,-61.7628898620605
5089754535.7524,-72.3962554931641
5090394877.26788,-57.2553939819336
5091035218.78335,-74.4377822875977
5091675560.29883,-60.1854591369629
5092315901.8143,-73.0317153930664
5092956243.32978,-61.637565612793
5093596584.84525,-81.7347030639648
5094236926.36073,-64.1553268432617
5094877267.8762,-72.8131866455078
5095517609.39168,-62.9072761535645
5096157950.90715,-76.6266403198242
5096798292.42263,-60.663387298584
5097438633.9381,-73.3810348510742
5098078975.45358,-59.8254318237305
5098719316.96905,-64.2118377685547
5099359658.48452,-56.0977058410645
5100000000,-56.3456802368164
