4700000000,-49.3727149963379
4700426894.34792,-50.4434356689453
4700853788.69584,-47.7983169555664
4701280683.04376,-51.8315696716309
4701707577.39168,-49.9213905334473
4702134471.73959,-55.7280426025391
4702561366.08751,-51.8122215270996
4702988260.43543,-62.7590179443359
4703415154.78335,-54.2130966186523
4703842049.13127,-70.9482574462891
4704268943.47919,-59.1267204284668
4704695837.82711,-73.9620666503906
4705122732.17503,-62.3455810546875
4705549626.52295,-74.4352035522461
4705976520.87086,-63.174430847168
4706403415.21878,-68.7900009155273
4706830309.5667,-62.595874786377
4707257203.91462,-71.6854858398438
4707684098.26254,-63.2101173400879
4708110992.61046,-75.5084686279297
4708537886.95838,-63.2959442138672
4708964781.3063,-84.4150009155273
4709391675.65422,-65.0250930786133
4709818570.00213,-81.7786254882813
4710245464.35005,-64.0709838867188
4710672358.69797,-81.2934036254883
4711099253.04589,-66.776123046875
4711526147.39381,-74.0979690551758
4711953041.74173,-61.3549842834473
4712379936.08965,-73.3198318481445
4712806830.43757,-61.2515258789063
4713233724.78549,-80.008659362793
4713660619.1334,-64.8763961791992
4714087513.48132,-80.6004486083984
4714514407.82924,-63.3008613586426
4714941302.17716,-85.6702041625977
4715368196.52508,-63.0290985107422
4715795090.873,-73.1279449462891
4716221985.22092,-61.6181869506836
4716648879.56884,-73.3044967651367
4717075773.91676,-63.5358047485352
4717502668.26467,-82.3377685546875
4717929562.61259,-60.6653060913086
4718356456.96051,-71.2742004394531
4718783351.30843,-60.5625839233398
4719210245.65635,-82.8018417358398
4719637140.00427,-61.9444274902344
4720064034.35219,-75.4350051879883
4720490928.70011,-62.9837951660156
4720917823.04803,-76.3942642211914
4721344717.39594,-60.9415740966797
4721771611.74386,-76.9213790893555
4722198506.09178,-60.8461990356445
4722625400.4397,-76.3894500732422
4723052294.78762,-63.667049407959
4723479189.13554,-82.8188400268555
4723906083.48346,-62.4678001403809
4724332977.83138,-76.2258911132813
4724759872.1793,-62.3885917663574
4725186766.52721,-78.0384140014648
4725613660.87513,-60.9012489318848
4726040555.22305,-81.2620086669922
4726467449.57097,-62.4888763427734
4726894343.91889,-76.7967071533203
4727321238.26681,-62.0664558410645
4727748132.61473,-82.1185455322266
4728175026.96265,-63.1256637573242
4728601921.31057,-82.6052398681641
4729028815.65848,-64.881591796875
4729455710.0064,-87.7528991699219
4729882604.35432,-63.0973320007324
4730309498.70224,-83.6579971313477
4730736393.05016,-61.7363967895508
4731163287.39808,-81.2020111083984
4731590181.746,-65.1768035888672
4732017076.09392,-80.4371032714844
4732443970.44184,-63.420467376709
4732870864.78975,-78.8667144775391
4733297759.13767,-62.8304824829102
4733724653.48559,-80.1677169799805
4734151547.83351,-63.5031127929688
4734578442.18143,-76.6651763916016
4735005336.52935,-63.2254753112793
4735432230.87727,-87.6519088745117
4735859125.22519,-59.3797187805176
4736286019.57311,-85.9043960571289
4736712913.92102,-63.0112037658691
4737139808.26894,-77.0279998779297
4737566702.61686,-62.1191596984863
4737993596.96478,-80.5779037475586
4738420491.3127,-61.9664573669434
4738847385.66062,-81.8906707763672
4739274280.00854,-63.192497253418
4739701174.35646,-80.1644668579102
4740128068.70438,-61.4023590087891
4740554963.05229,-81.9644927978516
4740981857.40021,-63.5683822631836
4741408751.74813,-83.4205703735352
4741835646.09605,-62.337532043457
4742262540.44397,-72.2408828735352
4742689434.79189,-60.7965354919434
4743116329.13981,-75.3402786254883
4743543223.48773,-63.2741737365723
4743970117.83565,-74.7730712890625
4744397012.18356,-61.3120574951172
4744823906.53148,-72.3876342773438
4745250800.8794,-63.3840103149414
4745677695.22732,-70.6180725097656
4746104589.57524,-59.4603500366211
4746531483.92316,-79.2926940917969
4746958378.27108,-59.6185264587402
4747385272.619,-78.2757110595703
4747812166.96692,-60.5241355895996
4748239061.31483,-72.5558624267578
4748665955.66275,-60.540470123291
4749092850.01067,-71.5058059692383
4749519744.35859,-59.1111831665039
4749946638.70651,-75.0880508422852
4750373533.05443,-62.4509010314941
4750800427.40235,-73.6411285400391
4751227321.75027,-61.5169639587402
4751654216.09819,-71.2755355834961
4752081110.44611,-64.5164031982422
4752508004.79402,-76.2953186035156
4752934899.14194,-62.8938331604004
4753361793.48986,-74.5323715209961
4753788687.83778,-62.7411308288574
4754215582.1857,-75.0109786987305
4754642476.53362,-58.0501976013184
4755069370.88154,-82.4303283691406
4755496265.22946,-60.0008850097656
4755923159.57737,-79.9728698730469
4756350053.92529,-61.0578918457031
4756776948.27321,-84.14453125
4757203842.62113,-64.5842819213867
4757630736.96905,-79.5344467163086
4758057631.31697,-61.4756660461426
4758484525.66489,-77.6796340942383
4758911420.01281,-61.0062103271484
4759338314.36073,-69.2912292480469
4759765208.70864,-63.5779190063477
4760192103.05656,-82.271842956543
4760618997.40448,-60.8110504150391
4761045891.7524,-89.6735610961914
4761472786.10032,-61.3727073669434
4761899680.44824,-84.3388214111328
4762326574.79616,-66.6717681884766
4762753469.14408,-73.5214538574219
4763180363.492,-60.5668144226074
4763607257.83991,-76.9501037597656
4764034152.18783,-60.433219909668
4764461046.53575,-82.319709777832
4764887940.88367,-62.8366279602051
4765314835.23159,-74.9183349609375
4765741729.57951,-63.6555137634277
4766168623.92743,-75.9790115356445
4766595518.27535,-63.6431884765625
4767022412.62327,-74.3329238891602
4767449306.97118,-60.9490776062012
4767876201.3191,-75.8522033691406
4768303095.66702,-63.2326889038086
4768729990.01494,-76.1037139892578
4769156884.36286,-63.3041458129883
4769583778.71078,-82.3376159667969
4770010673.0587,-63.1389503479004
4770437567.40662,-72.1949234008789
4770864461.75454,-64.3047256469727
4771291356.10245,-71.1073837280273
4771718250.45037,-58.5143280029297
4772145144.79829,-86.5044708251953
4772572039.14621,-62.8263664245605
4772998933.49413,-76.0663299560547
4773425827.84205,-63.757698059082
4773852722.18997,-79.2472991943359
4774279616.53789,-59.9472160339355
4774706510.88581,-80.8297882080078
4775133405.23372,-63.5970764160156
4775560299.58164,-77.5683059692383
4775987193.92956,-60.742015838623
4776414088.27748,-83.1583938598633
4776840982.6254,-60.8634452819824
4777267876.97332,-79.6389541625977
4777694771.32124,-63.318302154541
4778121665.66916,-72.5682983398438
4778548560.01708,-60.6403579711914
4778975454.365,-85.4746780395508
4779402348.71291,-60.8926086425781
4779829243.06083,-82.3462219238281
4780256137.40875,-60.4268226623535
4780683031.75667,-77.9382400512695
4781109926.10459,-59.5788726806641
4781536820.45251,-80.7061767578125
4781963714.80043,-63.1963958740234
4782390609.14835,-81.1943435668945
4782817503.49626,-62.2962646484375
4783244397.84418,-88.6085433959961
4783671292.1921,-63.0115242004395
4784098186.54002,-80.0606689453125
4784525080.88794,-62.398754119873
4784951975.23586,-73.0855484008789
4785378869.58378,-64.1605606079102
4785805763.9317,-72.1053085327148
4786232658.27962,-59.0088233947754
4786659552.62753,-78.025390625
4787086446.97545,-59.2375564575195
4787513341.32337,-76.6578369140625
4787940235.67129,-64.7085876464844
4788367130.01921,-81.5592956542969
4788794024.36713,-62.4627914428711
4789220918.71505,-72.5087203979492
4789647813.06297,-63.0589904785156
4790074707.41089,-72.9917373657227
4790501601.7588,-63.0481300354004
4790928496.10672,-89.6749649047852
4791355390.45464,-63.3746109008789
4791782284.80256,-74.4332809448242
4792209179.15048,-64.1641006469727
4792636073.4984,-73.2016983032227
4793062967.84632,-64.1936645507813
4793489862.19424,-89.2146606445313
4793916756.54216,-65.017692565918
4794343650.89007,-83.0825119018555
4794770545.23799,-62.5131950378418
4795197439.58591,-74.4045486450195
4795624333.93383,-61.0155601501465
4796051228.28175,-80.9838638305664
4796478122.62967,-61.8506126403809
4796905016.97759,-67.8970184326172
4797331911.32551,-55.5464935302734
4797758805.67343,-61.0703582763672
4798185700.02135,-50.6225852966309
4798612594.36926,-50.9908714294434
4799039488.71718,-46.3292541503906
4799466383.0651,-47.6287040710449
4799893277.41302,-44.9558219909668
4800320171.76094,-45.9129791259766
4800747066.10886,-44.672004699707
4801173960.45678,-46.4743995666504
4801600854.8047,-44.9431228637695
4802027749.15261,-49.7440605163574
4802454643.50053,-47.5814743041992
4802881537.84845,-55.3295059204102
4803308432.19637,-51.211986541748
4803735326.54429,-63.8076591491699
4804162220.89221,-56.7430458068848
4804589115.24013,-75.2571640014648
4805016009.58805,-59.598201751709
4805442903.93597,-70.7636871337891
4805869798.28389,-61.6493377685547
4806296692.6318,-82.0022659301758
4806723586.97972,-64.6213531494141
4807150481.32764,-74.2295074462891
4807577375.67556,-67.3273162841797
4808004270.02348,-89.1670150756836
4808431164.3714,-63.2645111083984
4808858058.71932,-75.8587188720703
4809284953.06724,-60.7929344177246
4809711847.41515,-82.7607574462891
4810138741.76307,-60.9829597473145
4810565636.11099,-75.2067565917969
4810992530.45891,-63.2785797119141
4811419424.80683,-78.7319259643555
4811846319.15475,-63.6523399353027
4812273213.50267,-75.83154296875
4812700107.85059,-62.3798408508301
4813127002.19851,-79.525749206543
4813553896.54642,-65.2171096801758
4813980790.89434,-79.2057342529297
4814407685.24226,-61.9757194519043
4814834579.59018,-89.7965774536133
4815261473.9381,-65.4648742675781
4815688368.28602,-79.5630035400391
4816115262.63394,-64.7347564697266
4816542156.98186,-80.7797317504883
4816969051.32978,-62.7692184448242
4817395945.67769,-79.7372665405273
4817822840.02561,-62.6027984619141
4818249734.37353,-73.9405059814453
4818676628.72145,-61.8330001831055
4819103523.06937,-79.0369644165039
4819530417.41729,-61.7621231079102
4819957311.76521,-91.2248306274414
4820384206.11313,-62.7554359436035
4820811100.46105,-73.4228744506836
4821237994.80896,-64.4653091430664
4821664889.15688,-76.3887557983398
4822091783.5048,-63.0002593994141
4822518677.85272,-74.3673629760742
4822945572.20064,-62.0393753051758
4823372466.54856,-72.4437103271484
4823799360.89648,-64.2982482910156
4824226255.2444,-77.8018112182617
4824653149.59232,-64.5161972045898
4825080043.94024,-73.632926940918
4825506938.28815,-60.9631958007813
4825933832.63607,-72.5125579833984
4826360726.98399,-62.0557250976563
4826787621.33191,-91.0385208129883
4827214515.67983,-65.7359619140625
4827641410.02775,-90.4186477661133
4828068304.37567,-62.5033912658691
4828495198.72359,-79.0459136962891
4828922093.0715,-62.2759704589844
4829348987.41942,-77.1847305297852
4829775881.76734,-64.6737442016602
4830202776.11526,-81.550666809082
4830629670.46318,-61.6572456359863
4831056564.8111,-71.3986663818359
4831483459.15902,-62.8284111022949
4831910353.50694,-74.1800842285156
4832337247.85486,-63.7247123718262
4832764142.20278,-79.1648330688477
4833191036.55069,-62.2677459716797
4833617930.89861,-78.4869003295898
4834044825.24653,-65.0521011352539
4834471719.59445,-74.6384506225586
4834898613.94237,-63.5194320678711
4835325508.29029,-81.6655883789063
4835752402.63821,-62.7900543212891
4836179296.98613,-85.09521484375
4836606191.33404,-64.2581329345703
4837033085.68196,-69.9471206665039
4837459980.02988,-64.7120056152344
4837886874.3778,-83.1264114379883
4838313768.72572,-62.874340057373
4838740663.07364,-79.5263671875
4839167557.42156,-64.2057189941406
4839594451.76948,-78.0671997070313
4840021346.1174,-64.9418029785156
4840448240.46531,-78.0543823242188
4840875134.81323,-66.8626098632813
4841302029.16115,-85.6378707885742
4841728923.50907,-62.9965209960938
4842155817.85699,-74.9486312866211
4842582712.20491,-61.6181907653809
4843009606.55283,-81.2731704711914
4843436500.90075,-62.6232643127441
4843863395.24867,-87.191291809082
4844290289.59659,-63.1440086364746
4844717183.9445,-74.8131713867188
4845144078.29242,-63.4472160339355
4845570972.64034,-84.2259140014648
4845997866.98826,-61.6271934509277
4846424761.33618,-76.3037109375
4846851655.6841,-62.6322631835938
4847278550.03202,-79.2916412353516
4847705444.37994,-61.6067047119141
4848132338.72785,-80.0387496948242
4848559233.07577,-62.5581245422363
4848986127.42369,-76.9311141967773
4849413021.77161,-61.0702896118164
4849839916.11953,-74.1688995361328
4850266810.46745,-62.0929985046387
4850693704.81537,-78.5576248168945
4851120599.16329,-65.8900909423828
4851547493.51121,-77.2483749389648
4851974387.85913,-58.3919486999512
4852401282.20704,-81.0866317749023
4852828176.55496,-65.4176177978516
4853255070.90288,-87.2031860351563
4853681965.2508,-61.0944023132324
4854108859.59872,-85.7080001831055
4854535753.94664,-61.3101501464844
4854962648.29456,-79.4570388793945
4855389542.64248,-62.6253662109375
4855816436.99039,-71.1923599243164
4856243331.33831,-62.0113716125488
4856670225.68623,-75.2422714233398
4857097120.03415,-63.6969909667969
4857524014.38207,-82.7449188232422
4857950908.72999,-64.6101989746094
4858377803.07791,-83.1061859130859
4858804697.42583,-63.2421569824219
4859231591.77375,-81.7837066650391
4859658486.12167,-60.0000305175781
4860085380.46958,-85.7924652099609
4860512274.8175,-65.3228530883789
4860939169.16542,-76.1666793823242
4861366063.51334,-62.8553466796875
4861792957.86126,-83.8574676513672
4862219852.20918,-63.4613494873047
4862646746.5571,-76.5827407836914
4863073640.90502,-60.4294128417969
4863500535.25293,-72.1617813110352
4863927429.60085,-66.8619918823242
4864354323.94877,-77.6977310180664
4864781218.29669,-60.9013328552246
4865208112.64461,-75.8262634277344
4865635006.99253,-61.8623085021973
4866061901.34045,-79.8879318237305
4866488795.68837,-63.8080978393555
4866915690.03629,-73.670783996582
4867342584.3842,-60.9701843261719
4867769478.73212,-76.7182464599609
4868196373.08004,-63.7596817016602
4868623267.42796,-83.9100112915039
4869050161.77588,-60.3448448181152
4869477056.1238,-81.2359848022461
4869903950.47172,-63.3452682495117
4870330844.81964,-77.5646591186523
4870757739.16756,-61.5458221435547
4871184633.51548,-73.3825454711914
4871611527.86339,-61.9783744812012
4872038422.21131,-72.3003997802734
4872465316.55923,-61.4959373474121
4872892210.90715,-75.5426177978516
4873319105.25507,-63.7040977478027
4873745999.60299,-83.2797088623047
4874172893.95091,-66.7640533447266
4874599788.29883,-84.4067764282227
4875026682.64674,-63.9371643066406
4875453576.99466,-77.3135833740234
4875880471.34258,-62.538990020752
4876307365.6905,-73.7524948120117
4876734260.03842,-64.4421539306641
4877161154.38634,-97.554557800293
4877588048.73426,-65.4406127929688
4878014943.08218,-90.6656723022461
4878441837.4301,-64.2445449829102
4878868731.77802,-75.2919540405273
4879295626.12593,-63.9958152770996
4879722520.47385,-79.502815246582
4880149414.82177,-62.0060195922852
4880576309.16969,-76.1746978759766
4881003203.51761,-61.4023170471191
4881430097.86553,-77.3127975463867
4881856992.21345,-64.5240020751953
4882283886.56137,-78.4457473754883
4882710780.90928,-61.6669845581055
4883137675.2572,-78.6967697143555
4883564569.60512,-61.5373115539551
4883991463.95304,-95.5676498413086
4884418358.30096,-61.7971572875977
4884845252.64888,-78.069221496582
4885272146.9968,-61.858570098877
4885699041.34472,-74.2553176879883
4886125935.69264,-63.82861328125
4886552830.04056,-72.1111831665039
4886979724.38847,-64.2802734375
4887406618.73639,-99.4181671142578
4887833513.08431,-66.3730545043945
4888260407.43223,-74.41015625
4888687301.78015,-62.7450828552246
4889114196.12807,-79.6330261230469
4889541090.47599,-62.6940498352051
4889967984.82391,-79.2637710571289
4890394879.17183,-65.5533676147461
4890821773.51974,-79.7315979003906
4891248667.86766,-62.9719467163086
4891675562.21558,-79.4475936889648
4892102456.5635,-61.6406555175781
4892529350.91142,-71.3056411743164
4892956245.25934,-62.334846496582
4893383139.60726,-80.4236755371094
4893810033.95518,-61.4834671020508
4894236928.30309,-79.7354583740234
4894663822.65101,-64.2038803100586
4895090716.99893,-87.2491226196289
4895517611.34685,-63.2878265380859
4895944505.69477,-84.778678894043
4896371400.04269,-63.0648193359375
4896798294.39061,-85.5110931396484
4897225188.73853,-61.1433715820313
4897652083.08645,-68.3602905273438
4898078977.43437,-56.8980560302734
4898505871.78228,-62.2945365905762
4898932766.1302,-53.8242301940918
4899359660.47812,-58.0639190673828
4899786554.82604,-52.9449234008789
4900213449.17396,-60.1096611022949
4900640343.52188,-54.3255462646484
4901067237.8698,-61.1764640808105
4901494132.21772,-54.4126815795898
4901921026.56563,-67.5847854614258
4902347920.91355,-59.5186996459961
4902774815.26147,-69.8377838134766
4903201709.60939,-60.4230842590332
4903628603.95731,-79.5422973632813
4904055498.30523,-61.5751419067383
4904482392.65315,-86.0013275146484
4904909287.00107,-63.8692932128906
4905336181.34899,-78.9022598266602
4905763075.69691,-62.6996841430664
4906189970.04482,-82.4252243041992
4906616864.39274,-62.9058799743652
4907043758.74066,-80.4942169189453
4907470653.08858,-62.6101150512695
4907897547.4365,-78.8101577758789
4908324441.78442,-64.6565933227539
4908751336.13234,-75.4710159301758
4909178230.48026,-62.3529777526855
4909605124.82817,-74.3212585449219
4910032019.17609,-62.3232574462891
4910458913.52401,-78.3094329833984
4910885807.87193,-64.806282043457
4911312702.21985,-77.1699600219727
4911739596.56777,-65.1366806030273
4912166490.91569,-79.2406921386719
4912593385.26361,-61.9004364013672
4913020279.61153,-80.1752090454102
4913447173.95945,-61.5267677307129
4913874068.30736,-77.5092697143555
4914300962.65528,-61.7550086975098
4914727857.0032,-67.6372833251953
4915154751.35112,-61.8186264038086
4915581645.69904,-74.4645156860352
4916008540.04696,-63.1228179931641
4916435434.39488,-74.6641006469727
4916862328.7428,-65.3412704467773
4917289223.09072,-78.5008773803711
4917716117.43863,-61.8845367431641
4918143011.78655,-90.4072647094727
4918569906.13447,-65.2134780883789
4918996800.48239,-76.2630844116211
4919423694.83031,-62.3079528808594
4919850589.17823,-82.1172714233398
4920277483.52615,-62.9602546691895
4920704377.87407,-69.952278137207
4921131272.22198,-60.2325820922852
4921558166.5699,-86.7518692016602
4921985060.91782,-65.9941635131836
4922411955.26574,-85.3970565795898
4922838849.61366,-61.7363510131836
4923265743.96158,-75.7499618530273
4923692638.3095,-62.4364242553711
4924119532.65742,-72.5614852905273
4924546427.00534,-61.988525390625
4924973321.35326,-72.1415100097656
4925400215.70117,-60.7468948364258
4925827110.04909,-87.4991607666016
4926254004.39701,-62.9579963684082
4926680898.74493,-75.708251953125
4927107793.09285,-62.3983879089355
4927534687.44077,-82.7096710205078
4927961581.78869,-59.8235816955566
4928388476.13661,-90.133674621582
4928815370.48452,-64.4790802001953
4929242264.83244,-79.381965637207
4929669159.18036,-61.6610145568848
4930096053.52828,-77.9529266357422
4930522947.8762,-61.8723564147949
4930949842.22412,-76.7524566650391
4931376736.57204,-64.131965637207
4931803630.91996,-78.4072113037109
4932230525.26788,-64.9525604248047
4932657419.6158,-77.3397598266602
4933084313.96371,-62.8848648071289
4933511208.31163,-78.0192489624023
4933938102.65955,-63.3504943847656
4934364997.00747,-86.5118560791016
4934791891.35539,-61.8347320556641
4935218785.70331,-77.5857315063477
4935645680.05123,-63.7276039123535
4936072574.39915,-80.1143264770508
4936499468.74707,-62.5241928100586
4936926363.09498,-76.2879180908203
4937353257.4429,-64.5427398681641
4937780151.79082,-81.1932983398438
4938207046.13874,-62.2780799865723
4938633940.48666,-75.3421478271484
4939060834.83458,-63.4044151306152
4939487729.1825,-75.2176208496094
4939914623.53042,-63.6694030761719
4940341517.87834,-88.9069595336914
4940768412.22625,-64.2224884033203
4941195306.57417,-78.0317840576172
4941622200.92209,-62.2922210693359
4942049095.27001,-80.9954605102539
4942475989.61793,-64.3945541381836
4942902883.96585,-80.7849502563477
4943329778.31377,-63.9518013000488
4943756672.66169,-78.2388076782227
4944183567.00961,-61.1359367370605
4944610461.35752,-73.2350311279297
4945037355.70544,-66.0810012817383
4945464250.05336,-78.7790756225586
4945891144.40128,-62.6705741882324
4946318038.7492,-72.1033248901367
4946744933.09712,-62.4806365966797
4947171827.44504,-79.7742691040039
4947598721.79296,-63.436466217041
4948025616.14087,-79.1044158935547
4948452510.48879,-61.0946388244629
4948879404.83671,-79.3988037109375
4949306299.18463,-63.036018371582
4949733193.53255,-74.7184066772461
4950160087.88047,-64.3975296020508
4950586982.22839,-74.5578689575195
4951013876.57631,-63.8585014343262
4951440770.92423,-77.9926376342773
4951867665.27215,-63.5208435058594
4952294559.62006,-77.7909469604492
4952721453.96798,-65.0073013305664
4953148348.3159,-79.6154708862305
4953575242.66382,-62.8264198303223
4954002137.01174,-73.1565246582031
4954429031.35966,-61.9765090942383
4954855925.70758,-80.266716003418
4955282820.0555,-63.2417488098145
4955709714.40341,-74.8638763427734
4956136608.75133,-63.8927268981934
4956563503.09925,-75.6906280517578
4956990397.44717,-63.6596794128418
4957417291.79509,-76.4490127563477
4957844186.14301,-62.9445152282715
4958271080.49093,-82.2211303710938
4958697974.83885,-64.374626159668
4959124869.18677,-73.6414108276367
4959551763.53469,-63.3441772460938
4959978657.8826,-81.8586578369141
4960405552.23052,-62.8678665161133
4960832446.57844,-78.2434387207031
4961259340.92636,-64.2560882568359
4961686235.27428,-80.9200057983398
4962113129.6222,-65.0350494384766
4962540023.97012,-77.5906677246094
4962966918.31804,-61.8784255981445
4963393812.66596,-76.6447296142578
4963820707.01387,-62.1333770751953
4964247601.36179,-80.6280136108398
4964674495.70971,-63.0350685119629
4965101390.05763,-74.9998016357422
4965528284.40555,-61.6239204406738
4965955178.75347,-78.4355545043945
4966382073.10139,-59.5358924865723
4966808967.44931,-77.8908996582031
4967235861.79723,-62.1602783203125
4967662756.14514,-80.582160949707
4968089650.49306,-64.8074493408203
4968516544.84098,-75.5624694824219
4968943439.1889,-63.9592590332031
4969370333.53682,-88.0342712402344
4969797227.88474,-62.241641998291
4970224122.23266,-76.9028549194336
4970651016.58058,-62.5061454772949
4971077910.9285,-75.6048812866211
4971504805.27641,-65.1944732666016
4971931699.62433,-80.5384368896484
4972358593.97225,-61.4616546630859
4972785488.32017,-77.9888687133789
4973212382.66809,-65.2869262695313
4973639277.01601,-76.0603256225586
4974066171.36393,-62.5043869018555
4974493065.71185,-69.3951187133789
4974919960.05976,-62.2720756530762
4975346854.40768,-78.5244216918945
4975773748.7556,-62.9679870605469
4976200643.10352,-76.9802474975586
4976627537.45144,-60.2236633300781
4977054431.79936,-79.1945419311523
4977481326.14728,-61.273078918457
4977908220.4952,-83.4769439697266
4978335114.84312,-62.1240615844727
4978762009.19104,-80.9251708984375
4979188903.53895,-61.5933685302734
4979615797.88687,-78.1220550537109
4980042692.23479,-60.3218536376953
4980469586.58271,-80.0210571289063
4980896480.93063,-60.3673477172852
4981323375.27855,-78.8289184570313
4981750269.62647,-60.5025024414063
4982177163.97439,-76.1522064208984
4982604058.32231,-63.8427200317383
4983030952.67022,-80.2751312255859
4983457847.01814,-61.6628227233887
4983884741.36606,-79.1998443603516
4984311635.71398,-62.9275779724121
4984738530.0619,-77.0199508666992
4985165424.40982,-62.3535194396973
4985592318.75774,-70.7809982299805
4986019213.10566,-58.8073806762695
4986446107.45358,-69.8277130126953
4986873001.80149,-63.0883140563965
4987299896.14941,-73.4633712768555
4987726790.49733,-61.7660903930664
4988153684.84525,-80.6142349243164
4988580579.19317,-59.0430755615234
4989007473.54109,-87.63427734375
4989434367.88901,-62.9653625488281
4989861262.23693,-75.8781585693359
4990288156.58485,-63.0792045593262
4990715050.93276,-75.7413864135742
4991141945.28068,-60.1592292785645
4991568839.6286,-80.6925811767578
4991995733.97652,-64.2476119995117
4992422628.32444,-78.0504150390625
4992849522.67236,-62.9915313720703
4993276417.02028,-74.4138793945313
4993703311.3682,-60.9806709289551
4994130205.71612,-79.6730117797852
4994557100.06403,-53.219669342041
4994983994.41195,-53.0204658508301
4995410888.75987,-34.3324661254883
4995837783.10779,-26.8853168487549
4996264677.45571,-20.7434158325195
4996691571.80363,-15.5473785400391
4997118466.15155,-11.2068071365356
4997545360.49947,-7.54458284378052
4997972254.84739,-4.50925874710083
4998399149.1953,-2.05894446372986
4998826043.54322,-0.146603554487228
4999252937.89114,1.22996866703033
4999679832.23906,2.10457921028137
5000106726.58698,2.51470994949341
5000533620.9349,2.57280588150024
5000960515.28282,2.50596284866333
5001387409.63074,2.03563952445984
5001814303.97865,1.05600535869598
5002241198.32657,-0.452783197164536
5002668092.67449,-2.48925614356995
5003094987.02241,-5.03944969177246
5003521881.37033,-8.12173748016357
5003948775.71825,-11.7941789627075
5004375670.06617,-16.1236534118652
5004802564.41409,-21.2755222320557
5005229458.76201,-27.3240146636963
5005656353.10993,-34.4095001220703
5006083247.45784,-42.3930816650391
5006510141.80576,-53.0922508239746
5006937036.15368,-74.5031204223633
5007363930.5016,-60.1012687683105
5007790824.84952,-72.794319152832
5008217719.19744,-60.2040863037109
5008644613.54536,-70.9054565429688
5009071507.89328,-60.0768699645996
5009498402.2412,-82.9238052368164
5009925296.58911,-61.9891014099121
5010352190.93703,-83.6145706176758
5010779085.28495,-62.6467971801758
5011205979.63287,-76.4238815307617
5011632873.98079,-65.4225845336914
5012059768.32871,-76.6751556396484
5012486662.67663,-63.0369033813477
5012913557.02455,-77.6937103271484
5013340451.37247,-65.3357162475586
5013767345.72038,-81.8541107177734
5014194240.0683,-61.0237693786621
5014621134.41622,-74.8831634521484
5015048028.76414,-60.1910133361816
5015474923.11206,-72.9560928344727
5015901817.45998,-61.2367553710938
5016328711.8079,-87.9465179443359
5016755606.15582,-62.0304145812988
5017182500.50374,-73.7496795654297
5017609394.85165,-59.8130416870117
5018036289.19957,-83.3236236572266
5018463183.54749,-64.2497787475586
5018890077.89541,-67.3261871337891
5019316972.24333,-60.339111328125
5019743866.59125,-74.2602386474609
5020170760.93917,-58.9184074401855
5020597655.28709,-70.7067489624023
5021024549.63501,-62.1329460144043
5021451443.98292,-86.9406890869141
5021878338.33084,-60.347713470459
5022305232.67876,-75.6020202636719
5022732127.02668,-67.4632949829102
5023159021.3746,-79.6918716430664
5023585915.72252,-63.9369964599609
5024012810.07044,-81.1866607666016
5024439704.41836,-60.0667495727539
5024866598.76628,-80.5104446411133
5025293493.11419,-64.3535614013672
5025720387.46211,-76.6585693359375
5026147281.81003,-60.3943862915039
5026574176.15795,-79.7555160522461
5027001070.50587,-63.475902557373
5027427964.85379,-82.7444305419922
5027854859.20171,-61.2232513427734
5028281753.54963,-78.1943664550781
5028708647.89754,-64.2915420532227
5029135542.24546,-79.0828323364258
5029562436.59338,-63.4558448791504
5029989330.9413,-78.2508163452148
5030416225.28922,-64.1833572387695
5030843119.63714,-74.9942398071289
5031270013.98506,-62.2680435180664
5031696908.33298,-75.4968643188477
5032123802.6809,-59.6986312866211
5032550697.02882,-79.8476181030273
5032977591.37673,-62.4369316101074
5033404485.72465,-74.9308166503906
5033831380.07257,-61.3197593688965
5034258274.42049,-82.185302734375
5034685168.76841,-59.1538276672363
5035112063.11633,-71.6624145507813
5035538957.46425,-61.0991325378418
5035965851.81217,-81.6405715942383
5036392746.16009,-60.5522689819336
5036819640.508,-80.7894439697266
5037246534.85592,-61.175422668457
5037673429.20384,-83.1352844238281
5038100323.55176,-61.5104789733887
5038527217.89968,-89.0154418945313
5038954112.2476,-62.645149230957
5039381006.59552,-82.3730163574219
5039807900.94344,-62.0042114257813
5040234795.29136,-81.4719085693359
5040661689.63927,-60.4688568115234
5041088583.98719,-76.5940628051758
5041515478.33511,-60.852424621582
5041942372.68303,-77.489143371582
5042369267.03095,-65.084114074707
5042796161.37887,-81.1262741088867
5043223055.72679,-63.820686340332
5043649950.07471,-80.1987075805664
5044076844.42263,-62.5219802856445
5044503738.77054,-87.7111587524414
5044930633.11846,-62.6843299865723
5045357527.46638,-77.9511337280273
5045784421.8143,-61.3540229797363
5046211316.16222,-82.9398040771484
5046638210.51014,-60.6829528808594
5047065104.85806,-85.0666427612305
5047491999.20598,-61.8933219909668
5047918893.5539,-72.4344787597656
5048345787.90181,-60.5130386352539
5048772682.24973,-74.9375991821289
5049199576.59765,-61.8145408630371
5049626470.94557,-74.5649185180664
5050053365.29349,-61.902660369873
5050480259.64141,-79.9129791259766
5050907153.98933,-60.5870513916016
5051334048.33725,-85.4557952880859
5051760942.68517,-60.9654731750488
5052187837.03308,-78.453987121582
5052614731.381,-63.3627624511719
5053041625.72892,-73.5658493041992
5053468520.07684,-60.4934959411621
5053895414.42476,-80.1493377685547
5054322308.77268,-59.5747566223145
5054749203.1206,-82.1174240112305
5055176097.46852,-61.063663482666
5055602991.81644,-74.5989532470703
5056029886.16435,-63.8049049377441
5056456780.51227,-75.0163269042969
5056883674.86019,-63.9819526672363
5057310569.20811,-72.9033126831055
5057737463.55603,-65.4355850219727
5058164357.90395,-87.7430801391602
5058591252.25187,-62.9668617248535
5059018146.59979,-79.6241607666016
5059445040.94771,-62.8425827026367
5059871935.29562,-83.5339508056641
5060298829.64354,-61.5563735961914
5060725723.99146,-79.6034393310547
5061152618.33938,-63.6442565917969
5061579512.6873,-75.0496978759766
5062006407.03522,-62.2580947875977
5062433301.38314,-78.9359741210938
5062860195.73106,-64.584831237793
5063287090.07898,-81.6845626831055
5063713984.42689,-63.1259078979492
5064140878.77481,-76.6905975341797
5064567773.12273,-60.846061706543
5064994667.47065,-79.6787719726563
5065421561.81857,-63.7695693969727
5065848456.16649,-89.4834899902344
5066275350.51441,-65.1791076660156
5066702244.86233,-84.4814376831055
5067129139.21025,-64.3992614746094
5067556033.55816,-85.7079772949219
5067982927.90608,-63.2085952758789
5068409822.254,-80.8595275878906
5068836716.60192,-60.4899940490723
5069263610.94984,-85.2830429077148
5069690505.29776,-62.6476936340332
5070117399.64568,-76.9972915649414
5070544293.9936,-65.0280838012695
5070971188.34152,-77.8063888549805
5071398082.68943,-62.1183967590332
5071824977.03735,-80.651985168457
5072251871.38527,-62.2168045043945
5072678765.73319,-85.9934310913086
5073105660.08111,-64.908805847168
5073532554.42903,-75.2096405029297
5073959448.77695,-62.5811882019043
5074386343.12487,-78.4550476074219
5074813237.47279,-58.1516532897949
5075240131.8207,-75.8238983154297
5075667026.16862,-59.9881896972656
5076093920.51654,-74.2694396972656
5076520814.86446,-61.4829788208008
5076947709.21238,-83.8514709472656
5077374603.5603,-61.2433166503906
5077801497.90822,-80.6110610961914
5078228392.25614,-60.7258491516113
5078655286.60406,-83.9431915283203
5079082180.95197,-58.3600158691406
5079509075.29989,-71.0677642822266
5079935969.64781,-62.6975364685059
5080362863.99573,-73.293815612793
5080789758.34365,-60.5646820068359
5081216652.69157,-75.3251113891602
5081643547.03949,-61.8830833435059
5082070441.38741,-81.7417678833008
5082497335.73533,-61.8646392822266
5082924230.08324,-70.7815856933594
5083351124.43116,-63.1227760314941
5083778018.77908,-78.0007934570313
5084204913.127,-61.8924217224121
5084631807.47492,-86.3620986938477
5085058701.82284,-63.4298362731934
5085485596.17076,-76.5770797729492
5085912490.51868,-65.2832717895508
5086339384.8666,-83.2031936645508
5086766279.21451,-60.9419326782227
5087193173.56243,-81.8912582397461
5087620067.91035,-61.8098182678223
5088046962.25827,-82.8172073364258
5088473856.60619,-60.8028831481934
5088900750.95411,-77.0067291259766
5089327645.30203,-60.4221153259277
5089754539.64995,-78.6977462768555
5090181433.99787,-63.5954971313477
5090608328.34578,-75.4602813720703
5091035222.6937,-65.1711273193359
5091462117.04162,-72.1529922485352
5091889011.38954,-62.5047073364258
5092315905.73746,-78.5262908935547
5092742800.08538,-64.8174819946289
5093169694.4333,-78.2028427124023
5093596588.78122,-63.4445495605469
5094023483.12914,-81.7297286987305
5094450377.47705,-62.9814643859863
5094877271.82497,-74.3031234741211
5095304166.17289,-61.2667846679688
5095731060.52081,-74.8704223632813
5096157954.86873,-60.9242324829102
5096584849.21665,-76.8693771362305
5097011743.56457,-61.095401763916
5097438637.91249,-78.7338409423828
5097865532.26041,-59.0566139221191
5098292426.60832,-68.1234893798828
5098719320.95624,-57.6329727172852
5099146215.30416,-61.2517623901367
5099573109.65208,-54.6880073547363
5100000004,-58.8925437927246
